p_I1,p_I2,ph1,ph2,method,n,bias,var,se,z,sig
0.2,0.2,0.2,0.2,GMM estimator,300,-0.02699177845159365,0.07312960906135452,0.015612987015233452,-1.7288029782679004,False
0.2,0.2,0.2,0.2,Simple g-estimator,300,-0.019390857122609406,0.07766686475731452,0.016090045033841528,-1.2051462305932281,False
0.2,0.2,0.2,0.2,Three-step estimator,300,-0.019390857113412485,0.07766686479090111,0.01609004503732055,-1.2051462297610582,False
0.2,0.2,0.2,0.5,GMM estimator,300,-0.0050179854753900095,0.05385792262667498,0.013398746536731832,-0.37451156058766494,False
0.2,0.2,0.2,0.5,Simple g-estimator,300,0.001545476419169222,0.054245088282757016,0.0134468197333988,0.11493248588219078,False
0.2,0.2,0.2,0.5,Three-step estimator,300,0.0015454764241621172,0.054245088278618694,0.013446819732885876,0.1149324862578816,False
0.2,0.2,0.2,0.8,GMM estimator,300,0.009723699162071161,0.063677439453671,0.014569081354438126,0.6674201979872304,False
0.2,0.2,0.2,0.8,Simple g-estimator,300,0.010452885667550775,0.06417715181158963,0.014626135490004372,0.7146717377734103,False
0.2,0.2,0.2,0.8,Three-step estimator,300,0.010452885676345195,0.06417715167122814,0.014626135474010003,0.7146717391562187,False
0.2,0.2,0.5,0.2,GMM estimator,300,-0.0018039504035660015,0.07568569930873295,0.015883502899626492,-0.11357383915662723,False
0.2,0.2,0.5,0.2,Simple g-estimator,300,0.010467376030685734,0.0802787580620286,0.016358357503330277,0.6398794028407044,False
0.2,0.2,0.5,0.2,Three-step estimator,300,0.010467376032727904,0.08027875806549654,0.01635835750368361,0.6398794029517229,False
0.2,0.2,0.5,0.5,GMM estimator,300,0.0022762652616095305,0.043481285089292616,0.012039003985559134,0.1890742177957517,False
0.2,0.2,0.5,0.5,Simple g-estimator,300,0.008083512655067024,0.04449232843272275,0.012178167409032,0.6637708600615759,False
0.2,0.2,0.5,0.5,Three-step estimator,300,0.008083512655923388,0.04449232843268911,0.012178167409027397,0.6637708601321464,False
0.2,0.2,0.5,0.8,GMM estimator,300,-0.020078230976946245,0.0698256348320846,0.015256215654838806,-1.3160689014367755,False
0.2,0.2,0.5,0.8,Simple g-estimator,300,-0.021473314739857568,0.0772604847212911,0.016047895471711246,-1.3380766828716009,False
0.2,0.2,0.5,0.8,Three-step estimator,300,-0.02147331473835143,0.07726048472191446,0.016047895471775986,-1.33807668277235,False
0.2,0.2,0.8,0.2,GMM estimator,300,0.005463866966226892,0.06060978019323525,0.014213817243939697,0.3844053200104641,False
0.2,0.2,0.8,0.2,Simple g-estimator,300,0.021474444292193983,0.057712981500729635,0.013869989365620729,1.5482668173792742,False
0.2,0.2,0.8,0.2,Three-step estimator,300,0.021474444293984415,0.05771298156436516,0.013869989373267397,1.5482668166547855,False
0.2,0.2,0.8,0.5,GMM estimator,300,-0.004527445119337156,0.039292754369072404,0.01144446800410172,-0.39560118632989416,False
0.2,0.2,0.8,0.5,Simple g-estimator,300,-0.0030597735322449066,0.039955042422837414,0.01154051449211825,-0.2651331995930181,False
0.2,0.2,0.8,0.5,Three-step estimator,300,-0.003059773531835683,0.039955042409553006,0.011540514490199733,-0.2651331996016347,False
0.2,0.2,0.8,0.8,GMM estimator,300,-0.010666292039642231,0.056480872090465296,0.013721136018379976,-0.777362167779281,False
0.2,0.2,0.8,0.8,Simple g-estimator,300,-0.018328855783558917,0.05202199228986184,0.013168395534999931,-1.3918822330968974,False
0.2,0.2,0.8,0.8,Three-step estimator,300,-0.018328855781212246,0.05202199229077937,0.013168395535116059,-1.391882232906418,False
0.2,1.0,0.2,0.2,GMM estimator,300,-0.01172002921031037,0.01516576815376326,0.007110032384774643,-1.6483791600453932,False
0.2,1.0,0.2,0.2,Simple g-estimator,300,-0.0004900937509855551,0.01491671343381556,0.0070514096542973964,-0.06950294693017493,False
0.2,1.0,0.2,0.2,Three-step estimator,300,-0.0004900937508474073,0.014916713433658135,0.007051409654260188,-0.06950294691095016,False
0.2,1.0,0.2,0.5,GMM estimator,300,-0.008071116221188364,0.012945953354475941,0.00656910784264143,-1.228647240162064,False
0.2,1.0,0.2,0.5,Simple g-estimator,300,-0.001410560518199313,0.011836818189370152,0.006281405943834059,-0.2245612735129696,False
0.2,1.0,0.2,0.5,Three-step estimator,300,-0.001410560517958488,0.011836818189624829,0.006281405943901633,-0.22456127347221447,False
0.2,1.0,0.2,0.8,GMM estimator,300,-0.0010022459439839961,0.016491128162815293,0.00741420442187726,-0.13517916245020792,False
0.2,1.0,0.2,0.8,Simple g-estimator,300,0.0005837313985551869,0.016960359777911993,0.007518944912222723,0.07763474867414959,False
0.2,1.0,0.2,0.8,Three-step estimator,300,0.0005837313986184217,0.01696035977796043,0.00751894491223346,0.0776347486824488,False
0.2,1.0,0.5,0.2,GMM estimator,300,-0.003367816994242234,0.014168162552312652,0.006872205505346071,-0.4900634871326709,False
0.2,1.0,0.5,0.2,Simple g-estimator,300,0.007587939474006017,0.013513220259775045,0.006711487728706913,1.1305897858607823,False
0.2,1.0,0.5,0.2,Three-step estimator,300,0.007587939474005902,0.013513220259775461,0.006711487728707017,1.1305897858607477,False
0.2,1.0,0.5,0.5,GMM estimator,300,-0.004094195248228396,0.009476994160301564,0.005620496466891386,-0.7284401426717444,False
0.2,1.0,0.5,0.5,Simple g-estimator,300,0.001526894426407131,0.00887697860375479,0.0054396625519587734,0.28069653435713765,False
0.2,1.0,0.5,0.5,Three-step estimator,300,0.0015268944264065516,0.008876978603767396,0.005439662551962636,0.28069653435683184,False
0.2,1.0,0.5,0.8,GMM estimator,300,-0.010010148077490798,0.012301451391652781,0.006403502008446311,-1.5632302549897337,False
0.2,1.0,0.5,0.8,Simple g-estimator,300,-0.006951898534577454,0.012039910510853107,0.006335063933077315,-1.0973683309302462,False
0.2,1.0,0.5,0.8,Three-step estimator,300,-0.006951898534584715,0.012039910510853872,0.0063350639330775164,-1.0973683309313573,False
0.2,1.0,0.8,0.2,GMM estimator,300,-0.008622577851316494,0.012613280271486825,0.006484155116252444,-1.3297920387043367,False
0.2,1.0,0.8,0.2,Simple g-estimator,300,0.0017437633590940574,0.011260555533138894,0.006126596535635669,0.2846218694100985,False
0.2,1.0,0.8,0.2,Three-step estimator,300,0.0017437633590711614,0.011260555532985592,0.006126596535593965,0.2846218694082988,False
0.2,1.0,0.8,0.5,GMM estimator,300,-0.0036894384748768078,0.008588768186454812,0.0053506286815833805,-0.6895336407057523,False
0.2,1.0,0.8,0.5,Simple g-estimator,300,0.0014191207753468213,0.008520553671810921,0.005329338192749928,0.26628461621696364,False
0.2,1.0,0.8,0.5,Three-step estimator,300,0.001419120775136872,0.00852055367175301,0.005329338192731817,0.2662846161784736,False
0.2,1.0,0.8,0.8,GMM estimator,300,-0.004197269401418102,0.010794797146577998,0.005998554588837214,-0.6997134625112612,False
0.2,1.0,0.8,0.8,Simple g-estimator,300,-0.0022824926975877425,0.010467715761563325,0.00590697772738968,-0.3864061797633333,False
0.2,1.0,0.8,0.8,Three-step estimator,300,-0.0022824926976530904,0.010467715761528669,0.005906977727379902,-0.3864061797750357,False
1.0,0.2,0.2,0.2,GMM estimator,300,-0.01747093285985244,0.06988514673452234,0.015262715653351945,-1.1446804917718254,False
1.0,0.2,0.2,0.2,Simple g-estimator,300,-0.019390857122083775,0.07766686476053915,0.016090045034175545,-1.205146230535542,False
1.0,0.2,0.2,0.2,Three-step estimator,300,-0.01939085711038098,0.07766686476856934,0.016090045035007345,-1.2051462297459088,False
1.0,0.2,0.2,0.5,GMM estimator,300,0.004758859292691211,0.0474082288848865,0.012570896134177879,0.3785616587629562,False
1.0,0.2,0.2,0.5,Simple g-estimator,300,0.0015454764190715882,0.054245088255689376,0.0134468197300439,0.114932485903605,False
1.0,0.2,0.2,0.5,Three-step estimator,300,0.0015454764185452413,0.054245088255126334,0.013446819729974115,0.11493248586505862,False
1.0,0.2,0.2,0.8,GMM estimator,300,0.011167052793556573,0.07001338722281424,0.01527671291244883,0.7309853145473895,False
1.0,0.2,0.2,0.8,Simple g-estimator,300,0.010452885667793005,0.06417715171249727,0.014626135478712672,0.7146717383417142,False
1.0,0.2,0.2,0.8,Three-step estimator,300,0.010452885667422427,0.0641771516792625,0.014626135474925528,0.7146717385014273,False
1.0,0.2,0.5,0.2,GMM estimator,300,0.0010564372482230612,0.0830260603819105,0.016635910994182684,0.06350342031719697,False
1.0,0.2,0.5,0.2,Simple g-estimator,300,0.010467376028915017,0.08027875806257782,0.016358357503386236,0.6398794027302701,False
1.0,0.2,0.5,0.2,Three-step estimator,300,0.010467376025987735,0.0802787580618576,0.016358357503312857,0.6398794025541932,False
1.0,0.2,0.5,0.5,GMM estimator,300,0.005916830149789637,0.04339157536551359,0.012026578256167129,0.49197951601533346,False
1.0,0.2,0.5,0.5,Simple g-estimator,300,0.008083512655680587,0.04449232843273653,0.012178167409033885,0.6637708601118554,False
1.0,0.2,0.5,0.5,Three-step estimator,300,0.008083512655354634,0.04449232843274188,0.012178167409034617,0.6637708600850502,False
1.0,0.2,0.5,0.8,GMM estimator,300,-0.020514987784170702,0.0699519750546344,0.015270011466338676,-1.3434821466502556,False
1.0,0.2,0.5,0.8,Simple g-estimator,300,-0.02147331473847103,0.07726048472091007,0.016047895471671673,-1.3380766827885004,False
1.0,0.2,0.5,0.8,Three-step estimator,300,-0.021473314739357086,0.07726048471970393,0.01604789547154641,-1.3380766828541582,False
1.0,0.2,0.8,0.2,GMM estimator,300,0.01048640556314707,0.055798556024082076,0.013638005233425461,0.7689105102735906,False
1.0,0.2,0.8,0.2,Simple g-estimator,300,0.02147444429692263,0.05771298147650206,0.013869989362709459,1.5482668180451773,False
1.0,0.2,0.8,0.2,Three-step estimator,300,0.021474444269569837,0.05771298149279172,0.013869989364666881,1.5482668158545914,False
1.0,0.2,0.8,0.5,GMM estimator,300,-0.004040617522443538,0.038164096015291034,0.011278903022204927,-0.3582456125820676,False
1.0,0.2,0.8,0.5,Simple g-estimator,300,-0.003059773529759166,0.039955042412084835,0.011540514490565376,-0.26513319941330155,False
1.0,0.2,0.8,0.5,Three-step estimator,300,-0.003059773528245792,0.039955042409076956,0.011540514490130984,-0.26513319929214557,False
1.0,0.2,0.8,0.8,GMM estimator,300,-0.016413936516504773,0.0653505884109148,0.014759244381168345,-1.1121122526738352,False
1.0,0.2,0.8,0.8,Simple g-estimator,300,-0.0183288557777952,0.052021992301842505,0.013168395536516274,-1.3918822324989288,False
1.0,0.2,0.8,0.8,Three-step estimator,300,-0.018328855781951505,0.0520219922806941,0.01316839553383961,-1.3918822330974758,False
1.0,1.0,0.2,0.2,GMM estimator,300,-0.0055828999751616985,0.015293336995907403,0.00713987324721931,-0.781932645279944,False
1.0,1.0,0.2,0.2,Simple g-estimator,300,-0.0004900937509580941,0.01491671343376752,0.007051409654286042,-0.06950294692639246,False
1.0,1.0,0.2,0.2,Three-step estimator,300,-0.0004900937492770905,0.014916713433223863,0.007051409654157544,-0.06950294668926645,False
1.0,1.0,0.2,0.5,GMM estimator,300,-0.0016982383491538815,0.011342277317531556,0.006148787771458576,-0.2761907569873787,False
1.0,1.0,0.2,0.5,Simple g-estimator,300,-0.00141056051823918,0.011836818189237201,0.006281405943798782,-0.2245612735205776,False
1.0,1.0,0.2,0.5,Three-step estimator,300,-0.001410560518111244,0.011836818189484143,0.006281405943864304,-0.22456127349786772,False
1.0,1.0,0.2,0.8,GMM estimator,300,0.0008204705211307973,0.017352499556741712,0.007605370812073468,0.10788040996348353,False
1.0,1.0,0.2,0.8,Simple g-estimator,300,0.0005837313984314349,0.016960359777802084,0.007518944912198361,0.07763474865794244,False
1.0,1.0,0.2,0.8,Three-step estimator,300,0.0005837313985638383,0.0169603597774098,0.007518944912111407,0.07763474867644957,False
1.0,1.0,0.5,0.2,GMM estimator,300,-0.0007618358367111368,0.01464410066859674,0.006986677958466561,-0.10904121261062745,False
1.0,1.0,0.5,0.2,Simple g-estimator,300,0.00758793947408348,0.013513220259773218,0.00671148772870646,1.1305897858724006,False
1.0,1.0,0.5,0.2,Three-step estimator,300,0.007587939474174556,0.013513220259749768,0.006711487728700636,1.1305897858869518,False
1.0,1.0,0.5,0.5,GMM estimator,300,-0.0018466536740193674,0.008889361017987369,0.005443455097021673,-0.33924293322998916,False
1.0,1.0,0.5,0.5,Simple g-estimator,300,0.0015268944264510338,0.008876978603757394,0.0054396625519595706,0.2806965343651674,False
1.0,1.0,0.5,0.5,Three-step estimator,300,0.0015268944263988297,0.008876978603766152,0.005439662551962254,0.28069653435543196,False
1.0,1.0,0.5,0.8,GMM estimator,300,-0.007896779694040845,0.013446224982717166,0.0066948300906289285,-1.1795339967020735,False
1.0,1.0,0.5,0.8,Simple g-estimator,300,-0.006951898534617615,0.01203991051084603,0.006335063933075453,-1.0973683309369082,False
1.0,1.0,0.5,0.8,Three-step estimator,300,-0.006951898534617244,0.012039910510853607,0.006335063933077447,-1.0973683309365043,False
1.0,1.0,0.8,0.2,GMM estimator,300,-0.004363837172253963,0.011277184088049475,0.006131118464589604,-0.7117522190212748,False
1.0,1.0,0.8,0.2,Simple g-estimator,300,0.0017437633585586788,0.011260555532896635,0.006126596535569765,0.2846218693257742,False
1.0,1.0,0.8,0.2,Three-step estimator,300,0.0017437633578641617,0.011260555533097363,0.006126596535624371,0.2846218692098764,False
1.0,1.0,0.8,0.5,GMM estimator,300,-0.0032524929374275744,0.007169671472598639,0.0048886506224787765,-0.6653150712943374,False
1.0,1.0,0.8,0.5,Simple g-estimator,300,0.0014191207751862338,0.008520553671762524,0.005329338192734793,0.2662846161875872,False
1.0,1.0,0.8,0.5,Three-step estimator,300,0.001419120775212983,0.008520553671750773,0.005329338192731118,0.26628461619279004,False
1.0,1.0,0.8,0.8,GMM estimator,300,-0.006286483398995866,0.010873754047893246,0.006020452377214757,-1.0441878791015673,False
1.0,1.0,0.8,0.8,Simple g-estimator,300,-0.0022824926975404517,0.010467715761708313,0.005906977727430589,-0.3864061797526513,False
1.0,1.0,0.8,0.8,Three-step estimator,300,-0.002282492697861113,0.010467715761512062,0.005906977727375216,-0.3864061798105587,False
