n,p_I1,p_I2,ph1,ph2,bias_threestep_psi03,var_threestep_psi03,bias_gest_psi03,var_gest_psi03,bias_gmm_psi03,var_gmm_psi03,bias_threestep_psi13,var_threestep_psi13,bias_gest_psi13,var_gest_psi13,bias_gmm_psi13,var_gmm_psi13
6000,0.2,0.2,0.2,0.2,0.05131226882399813,13.023010302887327,0.13939034868604078,17.698568670197137,-1.1878101145886173,17903465.72586475,0.03950838268270919,2.045526157804512,-0.046381605043994883,2.013515814230547,-0.16259539653430338,2.2557102661108814
6000,0.2,0.2,0.2,0.5,0.03952663379386691,1.2685790769339556,0.030189574136303743,1.1629647017437699,-0.3089595793398998,3269.184190341385,-0.030501549866142737,0.6586699106989318,-0.014557289505866513,0.611881731878542,-0.1493827449827634,0.6344424312994734
6000,0.2,0.2,0.2,0.8,-0.05425976700683352,0.631604112449635,-0.009592459759753327,0.5640362426719936,-0.19005595009819543,0.5758350103598298,0.007212848423911461,0.4019625920114557,0.00029739507061777345,0.39067363020714185,-0.06669223652583901,0.39211283539223135
6000,0.2,0.2,0.5,0.2,-0.0032476798773640016,0.9365855879620039,-0.00035924167969108006,0.8569743896673491,-0.3068921645680699,2.1569661730872185,-0.05401891566892397,1.1714011599197671,-0.0891581189829648,1.0268232764121283,-0.24093189891970002,1.1704703759179367
6000,0.2,0.2,0.5,0.5,-0.02448572548959642,0.28156044674224023,-0.005963095248325727,0.2458060154771006,-0.10312621034277185,0.25043040015132084,0.011065314150272332,0.37084566441586386,0.014546515201232204,0.33407877488638454,-0.06194978796151564,0.3403720922134608
6000,0.2,0.2,0.5,0.8,-0.030961838328043324,0.1425248666221558,-0.0278710842440186,0.1380990034378292,-0.07678086580902786,0.13247867264025814,0.00533302120128982,0.256830933856885,-0.0017848425052576825,0.2419253528962083,-0.050259144177133015,0.22559346576643471
6000,0.2,0.2,0.8,0.2,0.043258336844113524,0.5375852994627832,0.0790435053543587,0.5091839998477262,-0.11378983092266404,0.4938578816421239,0.0783055732041482,2.312117241868956,0.09046993745705123,1.945141970427003,-0.07674224996520079,2.2752931669338277
6000,0.2,0.2,0.8,0.5,0.009117650687549796,0.1599623836607978,0.01090201240527083,0.1542407208555218,-0.040975064435949754,0.15510215994535478,0.04001961607113318,0.7168630424381063,0.05085732446555988,0.6422759778513587,-0.08457250269105199,0.5974431746140899
6000,0.2,0.2,0.8,0.8,-0.012009678700400622,0.09542566711714011,-0.017740742214840042,0.09064896792375167,-0.03822537931557033,0.08133657644542182,-0.009180623204633486,0.4546031894607559,0.004066357967583617,0.4214939012591203,-0.07380059116642165,0.4212902201119315
6000,0.2,1.0,0.2,0.2,0.04191665615941969,13.067140244862959,0.05730399722170025,6.769347435721465,-0.43024048756459343,7939795.256569283,0.031900365656855986,2.0441292324645337,-0.07981923222636977,0.8613206057355666,-0.1525061562908577,1.0769693918365608
6000,0.2,1.0,0.2,0.5,0.04446009978870481,1.2596238970536633,0.0017821354987400991,0.7342545536778528,-0.1718343262675877,0.7928670237289969,-0.03199657513733955,0.6586423027702459,-0.014492071673120912,0.3862645290122752,-0.13378870757999237,0.3703701479514644
6000,0.2,1.0,0.2,0.8,-0.060434310645762,0.6395153072782388,-0.035434089517542774,0.41991031333703965,-0.20824819774375763,0.4169564768544061,0.0066767801757511985,0.4018516285140224,0.004374938358709564,0.3290960893407987,-0.09567510420050782,0.32871940045691955
6000,0.2,1.0,0.5,0.2,-0.0009651493467459399,0.9420892946168656,-0.03472847114145376,0.4488917046652056,-0.18533087976636625,0.4807658525664115,-0.05583063842948369,1.1730638691995423,-0.03874843904471635,0.46085513235902814,-0.17777516854536252,0.5192622989238526
6000,0.2,1.0,0.5,0.5,-0.028391016860181438,0.28007784167186517,-0.011361868589544119,0.15794198361747905,-0.10608931050363252,0.15895307501322625,0.009129106865171538,0.3698507527209095,0.026395837440943024,0.23406675604219748,-0.04337059863132883,0.2364367180204036
6000,0.2,1.0,0.5,0.8,-0.03235064541125326,0.1416351702887644,-0.028702684716860813,0.11824350514038134,-0.0740839541811095,0.1146796840961956,0.005428704900243962,0.25645286362657504,0.013820156323394154,0.19128326626300915,-0.030741087115298077,0.18978372868951526
6000,0.2,1.0,0.8,0.2,0.047291271620534925,0.5439642548524481,0.02657129171341347,0.2837388519931779,-0.057441957467225024,0.307327298246631,0.07661760247076543,2.311696483614403,0.00041288435721958776,0.6033389966823882,-0.1257932211562186,0.6611387643138913
6000,0.2,1.0,0.8,0.5,0.010060677372338647,0.16052945517535272,0.015217979392326109,0.12089882631524969,-0.03680726130822846,0.11849819687448798,0.039605834141296314,0.716404352035913,0.015268006433617217,0.3707941404541981,-0.08462649166752628,0.377452785335982
6000,0.2,1.0,0.8,0.8,-0.010175946601663528,0.09519351685936603,-0.008442298811743684,0.07836855935391365,-0.03728581650295053,0.07619127982857853,-0.009195136002398734,0.4555938163882304,-0.002963683832859085,0.3483398947438187,-0.06533238054350521,0.33644521584867015
6000,1.0,0.2,0.2,0.2,0.035709453112951,12.255583218489113,0.14499175295020994,3.4483160630617715,-0.5775516105981797,9356690.85045694,-0.020151113451033178,0.40769917560698277,-0.029848151316757825,0.35365452288586047,-0.06432000199703647,0.3639494069502099
6000,1.0,0.2,0.2,0.5,0.036002515325632194,1.2617304905373656,0.08666284527425708,0.6236309874108329,-0.027150555940601256,1.340371918510484,0.003022412655682176,0.12806622334574222,-0.0002735476780401548,0.13227109950174165,-0.021169386695123655,0.12527757071645237
6000,1.0,0.2,0.2,0.8,-0.05958183679300093,0.6367248349690638,-0.03697754451136036,0.36484799973981247,-0.13379242869559604,0.32663520916820715,-0.0061086712964037015,0.07281278827002095,-0.004868391091577495,0.06535024730397593,-0.026887424131693795,0.06499570624522434
6000,1.0,0.2,0.5,0.2,0.002163779562209185,0.9452722069598398,0.06692362011005681,0.6661239195623523,-0.2076634407263388,0.9429181893156111,-0.02671708524159435,0.22725863786283154,-0.03436475403014261,0.2127549038302783,-0.1441004273991125,0.20904426808684712
6000,1.0,0.2,0.5,0.5,-0.029929629883522556,0.27885761533619646,0.013045286780243474,0.18376116857046376,-0.07832841722490613,0.18050806186640256,-0.010253976092018138,0.06197244794880587,-0.0022641659713693125,0.05933269977979135,-0.04642362669146986,0.06280441363763829
6000,1.0,0.2,0.5,0.8,-0.0306722429095625,0.14152387732437208,-0.011280703015738303,0.10751092855881199,-0.0556108471871474,0.10267869480601546,-0.002665187735853297,0.04374902401875445,-0.0029421642856531983,0.0437169382578556,-0.010383813873061405,0.04399281318852214
6000,1.0,0.2,0.8,0.2,0.05534993715505466,0.5356538803527969,0.026652630267102913,0.44509198454320525,-0.12060806877799922,0.4546208629864182,0.013416391170033702,0.4060669387202089,0.018120634884740323,0.36790140766073137,-0.08554975856099933,0.37426523483538077
6000,1.0,0.2,0.8,0.5,0.007757779972041872,0.1590750163839099,-0.0009846824661553426,0.14696266028210325,-0.06342148601255279,0.13887792523455755,-0.010616070269024067,0.1302966829996311,-0.01665014965701848,0.125724597473009,-0.06067363218562076,0.13011772502187346
6000,1.0,0.2,0.8,0.8,-0.01118773957600101,0.09495918808227731,-0.019616193566263408,0.08377579545465322,-0.05277172803252131,0.08328203844977033,-0.00402476904212881,0.06475101705171944,0.0047578023183370635,0.061670957923565396,-0.02081665350381376,0.06324993492595
6000,1.0,1.0,0.2,0.2,0.04633222338573624,12.579110907224447,0.10196424866978651,3.303835189593976,-0.2868374222674073,18472013.086251155,-0.02262386362495141,0.4071135411444682,0.014864164186936604,0.3069768629463031,-0.034299489182677306,0.2996930841342452
6000,1.0,1.0,0.2,0.5,0.04499486439351559,1.2302849550196338,0.039886154549817227,0.45819637121290197,-0.04639384649985513,0.539335878279366,0.002349638536508815,0.1281174639784464,-0.01039331563007826,0.10236292338865335,-0.029261037616283334,0.0953878984869199
6000,1.0,1.0,0.2,0.8,-0.05958183679882876,0.6435969656756731,-0.04283472849925743,0.312709544916905,-0.08871245503242442,0.3134806232195499,-0.005898246771217621,0.07278406111242731,-0.012296637698207132,0.06285943084810877,-0.032238162904480214,0.06131301086040501
6000,1.0,1.0,0.5,0.2,-0.0037728885298258354,0.9465789540938822,-0.027562790289183684,0.39651894048142566,-0.1662510930558925,0.4407032682269773,-0.02757224057595868,0.22795464218194417,-0.025483245224756583,0.18278361510421978,-0.10039517223656219,0.17129027280999407
6000,1.0,1.0,0.5,0.5,-0.02533242513454894,0.2800474813314816,-0.002735645421852952,0.13900809287469698,-0.07290821233916048,0.13108111905007827,-0.010182018688911498,0.06180463603623862,-0.00988159206152836,0.05954584256380841,-0.035201488168986536,0.060275042187376525
6000,1.0,1.0,0.5,0.8,-0.034608675432761644,0.14301603448780734,-0.001884989870154399,0.0963048013137283,-0.04862716569453085,0.0994641448734352,-0.0028039186040958682,0.04373014190325169,-0.005156650410469118,0.043205750779245516,-0.02457102968629646,0.04517287041281201
6000,1.0,1.0,0.8,0.2,0.05395201361599826,0.5405983221775129,0.04047692860934313,0.2652363218123096,-0.05243941299813617,0.2603678375914384,0.013715938971104943,0.4055423682851786,0.03991141558888942,0.21441934181622824,-0.022085361930005237,0.20782700688952566
6000,1.0,1.0,0.8,0.5,0.009631373052469798,0.15979075824621847,0.000465431815000853,0.11280242311254692,-0.04043023199250162,0.10355844822963282,-0.009831794418219728,0.13040218219733574,0.010289065287598839,0.0937452046600166,-0.01712147875113628,0.08450298313499292
6000,1.0,1.0,0.8,0.8,-0.00931539995209236,0.09445114187747536,-0.0024871090634878716,0.07238970532625698,-0.03028218084809208,0.07178143066206887,-0.004343521950796166,0.06479921268393705,0.01064895415892528,0.061039758509923325,-0.008371296407853807,0.05877310842438385
12000,0.2,0.2,0.2,0.2,-0.04359507567264174,1.5784955564351615,0.04622320028322382,1.443908112091457,-0.42763338712863075,40491.797968330095,0.0039546675167552656,0.7801693295753133,-0.02027755769766072,0.6926378099437244,-0.1490068018606007,0.7278565642601172
12000,0.2,0.2,0.2,0.5,-0.050917901020491506,0.34013241622089685,-0.0029075829443071075,0.34668806243576894,-0.1450641580521862,0.311280337306103,0.017468785515306697,0.30287290343392376,0.007278208246813001,0.26967472262280234,-0.03461595572392927,0.2697588234214292
12000,0.2,0.2,0.2,0.8,-0.04508166081161951,0.2041005717863914,-0.005063220060372464,0.15854207749828148,-0.08256816424226687,0.16902519866407595,0.02529342414987214,0.14744697326379708,0.05512259310516932,0.1306077383031007,0.0064226623897075605,0.1340551914915466
12000,0.2,0.2,0.5,0.2,0.02677819223667738,0.3829970581202398,0.011653158768361089,0.32010580498857155,-0.15223915356412313,0.35104493507191464,0.03500581765194496,0.5909497692707748,-0.045312213813589866,0.509959113191013,-0.1614206765170667,0.5292034616501424
12000,0.2,0.2,0.5,0.5,-0.016720416950821285,0.11756142591393114,-0.016165901642298593,0.09912125958363859,-0.05502861457716922,0.09099200006888226,-0.018748578927129077,0.20619048950163443,-0.024333999337117752,0.1770971813229119,-0.07110991542619921,0.17031255797690936
12000,0.2,0.2,0.5,0.8,-0.012484017723580671,0.05284891367195968,-0.016679073064768523,0.05087223376413552,-0.036446850189424534,0.054228094582100754,-0.03187647875296213,0.08609158953707877,-0.032687053271332006,0.0860674648923461,-0.044588195655751305,0.08222867612303343
12000,0.2,0.2,0.8,0.2,0.007805541787212506,0.22449336437208767,-0.00882254264171751,0.17070158570364927,-0.05750505894793721,0.17934055328825677,0.029113104933447452,0.8520388281738994,0.050522517583471496,0.6620694493387186,-0.13732884611241664,0.8432271179323931
12000,0.2,0.2,0.8,0.5,0.02572906757369641,0.059667591297680435,0.005149329412324903,0.05541272317298653,-0.0227833156304218,0.05710121817226876,-0.021878781264523344,0.26394840549094006,-0.04441776099465618,0.24485995476510858,-0.13338135482872637,0.24937451985152911
12000,0.2,0.2,0.8,0.8,-0.02577062326985706,0.031513831830877,-0.015993887622920117,0.028033953420770665,-0.03232951761439855,0.027910359811723875,-0.04768993492481091,0.1364040208399108,-0.0593112694534009,0.12443875422682811,-0.07077404110912949,0.1279600288189358
12000,0.2,1.0,0.2,0.2,-0.05978866594394283,1.5596995728925265,0.038600776052247064,0.7071745123336228,-0.11761494536822886,0.6727430702117957,0.003019915878215401,0.7805652879155885,0.0032288696247094626,0.31036886107307354,-0.06980587103609821,0.3292484292617801
12000,0.2,1.0,0.2,0.5,-0.05390596710569358,0.33795658700296377,-0.029615674583679835,0.21310944670546253,-0.09045507137046184,0.1879458421560402,0.01814735260464926,0.30300705877403916,-0.005151533986256159,0.14552446722443568,-0.055583012098572505,0.1467485012032695
12000,0.2,1.0,0.2,0.8,-0.0439842347007124,0.20574500376776272,-0.032520028658973965,0.15102363732903015,-0.08885586284506683,0.14942132307437356,0.025577785700119857,0.14750362136744152,0.011587540604276414,0.10641155140886446,-0.02213994376444587,0.11264085522220776
12000,0.2,1.0,0.5,0.2,0.03512680522128021,0.38402663053970393,0.001939357042060332,0.17316674052180886,-0.05047469938051715,0.20256448807708835,0.034364322959978405,0.5914468025107018,0.009724533264631489,0.25244654485166285,-0.05239222512983478,0.23630600169423643
12000,0.2,1.0,0.5,0.5,-0.015142227946981886,0.11555471767143509,-0.009908821690995679,0.07120650179017236,-0.05483405523854317,0.06292976844752347,-0.018270188143688817,0.2061033519150605,-0.005787608958656867,0.1091891227384601,-0.05023803467855743,0.11296729568103127
12000,0.2,1.0,0.5,0.8,-0.012104299626502977,0.05313585176783062,-0.011099134536123413,0.04748271701945192,-0.04036450454496646,0.05067842420118062,-0.032383114885269564,0.08615706375744293,-0.025921490849309357,0.0744119388870273,-0.061614243526932004,0.0750012999739752
12000,0.2,1.0,0.8,0.2,0.0072015340737792335,0.22503669549270638,-0.006770891343909498,0.11068920460485678,-0.04841486734439483,0.10590457117858851,0.027089559142656525,0.8531236741105194,-0.036617057905364805,0.19798833251841866,-0.07985351749590881,0.21806848227698888
12000,0.2,1.0,0.8,0.5,0.026956266197609824,0.05960043936225449,-0.004239402861000112,0.04287845497480069,-0.02512965502643462,0.04416236826588577,-0.02097681485513607,0.2638947126162006,-0.02541397879844149,0.12553744698322816,-0.082364333185872,0.12447605917484655
12000,0.2,1.0,0.8,0.8,-0.02685376182411192,0.031115471419237477,-0.012230793980299212,0.027629793855534088,-0.023151252010263437,0.027836368890088455,-0.04829213343454967,0.136430406426912,-0.04828337732929913,0.10774318979921625,-0.07932589316532113,0.10689652778183206
12000,1.0,0.2,0.2,0.2,-0.05350954350856656,1.5741240605293796,0.038800108170408396,0.9378606791226907,-0.20902045970057262,601.4860051217303,0.015015641951907958,0.19830794004611177,0.013870210806738092,0.165374948586058,-0.06320525450357503,0.1852255554741059
12000,1.0,0.2,0.2,0.5,-0.051458064701281045,0.3385139432999798,0.022778213329279186,0.21697048384546427,-0.045686721781870485,0.206544581665754,0.012543911982093946,0.05847332363693471,0.006740856613830291,0.060445441709932504,-0.023081850899128304,0.05807820522122432
12000,1.0,0.2,0.2,0.8,-0.04385320401375676,0.2024592204377908,0.0005150947129749291,0.11389501702860057,-0.024412091994261743,0.1050544414829964,0.018738551017912733,0.02597715292274826,0.011006082169424131,0.02446908053572291,0.013521554560221642,0.023746325253470164
12000,1.0,0.2,0.5,0.2,0.033082683797263104,0.3838394941407431,0.02271412033527675,0.2601525130977356,-0.07918459844653106,0.27312442081165444,-0.012745527394279355,0.12007252483937557,-0.0205197809597761,0.1131926361080842,-0.05439365172577359,0.10885883756979935
12000,1.0,0.2,0.5,0.5,-0.015706590377977912,0.1169526541256286,-0.006094614928590279,0.08237317324948697,-0.04850975617568344,0.0861888226008365,0.0071766814728256995,0.03812874995446666,0.00419918870368116,0.037625249771826685,-0.026452742645406323,0.038644601456821505
12000,1.0,0.2,0.5,0.8,-0.012326244109202876,0.05311434954762781,-0.0034271374402438355,0.04189852271074729,-0.013987523730703444,0.04263824365699792,-0.022601788874237555,0.019369930650776277,-0.021165654429788135,0.01962333388572395,-0.014785117146274687,0.018749154478701485
12000,1.0,0.2,0.8,0.2,0.010755586529854734,0.22537763717847503,0.009286180507847576,0.15401511560448622,-0.05979013188081086,0.15463364985587685,-0.019344044009824705,0.1925123523474689,-0.019783378499401236,0.17654949021772068,-0.07125064771990267,0.17276535750208005
12000,1.0,0.2,0.8,0.5,0.025878799101784082,0.0597581373776018,0.009434708415407583,0.048476422245507564,-0.023567959801370095,0.05185377180242621,-0.003486659047439267,0.0525446584994695,-0.0009300077257152266,0.0550675881102703,-0.01834845527823157,0.059479938441991315
12000,1.0,0.2,0.8,0.8,-0.025249331560902144,0.03147548208363885,-0.007085265231277104,0.02545063400360561,-0.03237732223448388,0.02484132578526535,-0.01841483885294602,0.02742774717341611,-0.02103213214485403,0.027673316746532724,-0.03729617932132899,0.024469763016119108
12000,1.0,1.0,0.2,0.2,-0.05510334328846768,1.5561726393622946,0.056173299724099277,0.4765385522322964,-0.01330098980157782,0.5302407248277929,0.015193264641934288,0.19879899820356958,0.009631076596818793,0.11990914352413438,-0.042909310545848026,0.128334703043509
12000,1.0,1.0,0.2,0.5,-0.04759408875336057,0.34048268595729564,-0.004413793418182694,0.15301267181716607,-0.007256695851937098,0.14675884026536104,0.012672207544784042,0.058403562658445866,-0.007533521486609374,0.05036724134275971,-0.013318875549434811,0.050290212744666114
12000,1.0,1.0,0.2,0.8,-0.04575635694815647,0.2041809645817624,0.02299973102004898,0.10390920046428033,-0.012404577440660577,0.09043656986949943,0.01880284369451377,0.0260174633278599,0.020296428409652505,0.022498762937841452,-0.002927089580865637,0.02304170010069327
12000,1.0,1.0,0.5,0.2,0.03234837349613082,0.385354725384974,0.015792283567971986,0.1485913100054435,-0.0657271889534144,0.14401210277230725,-0.013650100675216957,0.12005794057677585,-0.01986644528794948,0.10981790602274594,-0.05259207003664407,0.10895603259392739
12000,1.0,1.0,0.5,0.5,-0.01672076382261367,0.11682189266579432,-0.01689751241373162,0.05957812333203928,-0.04877177630130398,0.05145573290953313,0.006936956949644589,0.038107415585313095,-0.008713800278820384,0.037986292959428875,-0.03564340269024392,0.03706264448775999
12000,1.0,1.0,0.5,0.8,-0.013574304131862594,0.05294522332166567,-0.003327083640331962,0.03774712101706692,-0.0350351146142251,0.03957998671668981,-0.022601788874222237,0.019357717562910336,-0.015619530672597042,0.020074293089575257,-0.0126433587607573,0.019514914238338812
12000,1.0,1.0,0.8,0.2,0.006102196127079705,0.22441741703935852,-0.0027747075193407128,0.10148755120296622,-0.021717585811798758,0.09547630684344667,-0.020405555228715212,0.192515850120649,0.01169747775135261,0.10121741000250578,-0.017889589438752865,0.10247295328146133
12000,1.0,1.0,0.8,0.5,0.026021241788657015,0.059714503139599605,-0.0035858925801595647,0.04469223960626407,-0.005848919044818504,0.045883296262963225,-0.0030845220638339855,0.05270271486842615,0.006282897333967228,0.04057275416845391,-0.009531894127108156,0.03815029458377321
12000,1.0,1.0,0.8,0.8,-0.027179665456116834,0.031419332175378026,-0.016692595870683266,0.026334726542053925,-0.025687973570409986,0.02643630250327347,-0.018021102419689294,0.027444651334189926,-0.014723178790437252,0.025452134277807677,-0.017735636322265366,0.02408997859597202
24000,0.2,0.2,0.2,0.2,-0.06591342518258497,0.4623398133793936,-0.05790427199013162,0.41501633257260395,-0.19071495037472627,0.415505644750995,-0.010139134586804651,0.3979442273713705,-0.016706643001580396,0.3428216951353902,-0.10761724724505933,0.3513644903846537
24000,0.2,0.2,0.2,0.5,-0.030041359574455424,0.14999918280669228,-0.030544704607499338,0.11643353354674216,-0.07520759691799284,0.11242642432504837,-0.01912708474025914,0.1366953502124733,-0.026228225560411416,0.12740429839964743,-0.06818922933635632,0.12111793193928776
24000,0.2,0.2,0.2,0.8,-0.030986874562716593,0.09016853622665921,-0.04309524602591945,0.07411721098221373,-0.0723392603384851,0.07669457676341464,-0.02268674537299039,0.07045081098486372,-0.013367536952154226,0.06951188210117584,-0.04296191527516333,0.07461017940325099
24000,0.2,0.2,0.5,0.2,-0.033908850907204566,0.14713063437617063,-0.03876048640384899,0.1290864883401768,-0.10942851405003973,0.1277794001243988,0.04620339077137432,0.20512017881292666,0.07072630600535482,0.1892751199588404,-0.0004887332728694578,0.1976423067154243
24000,0.2,0.2,0.5,0.5,-0.0018461382927244762,0.047719881676416574,-0.002132248989959758,0.05296501073594727,-0.019282221825970537,0.049032813497618545,-0.02158813342551987,0.07496497942569157,-0.007611907998666371,0.0724126969839877,-0.023639368093793856,0.07439283370577271
24000,0.2,0.2,0.5,0.8,-0.016479710840705018,0.029080365694644814,-0.015664205202584713,0.024935341928724063,-0.025238027267702003,0.025601959730685124,-0.022616075676229724,0.05427391755553289,-0.006382141675529647,0.05367865051627114,-0.013869674854225453,0.05221252124067139
24000,0.2,0.2,0.8,0.2,-0.004903418283264942,0.10806855691733709,0.01923395276887368,0.09465341238748959,-0.03426524224915439,0.09303803116140553,0.028137241008515897,0.4016073063998642,0.016856572956090398,0.3420893441817564,-0.05171939438545528,0.3951472888354209
24000,0.2,0.2,0.8,0.5,0.010359815034263265,0.03935231343975965,0.014617354978318202,0.033879344266786245,-0.004468374502122225,0.03323382143970268,0.029516620795652204,0.13957805125301523,0.012747371108958364,0.13001769276754765,-0.01459128088244363,0.12143846501468776
24000,0.2,0.2,0.8,0.8,-0.008210748920795125,0.017375460589299733,0.004148066800099127,0.017947757615880737,-0.008715943162085193,0.017825639167145524,0.021219621511139625,0.0800999767529822,0.018712802009336157,0.0783983399410669,0.008818494611854143,0.0723353031590085
24000,0.2,1.0,0.2,0.2,-0.066739640853549,0.4557865007341167,0.008335975343408497,0.2160158141683025,-0.05409610674719384,0.2309297737245191,-0.010788632114709411,0.39753984924078034,-0.02718543653228537,0.1197366901163194,-0.07722648257399681,0.12765573970887303
24000,0.2,1.0,0.2,0.5,-0.026091658109244964,0.15084465257710966,-0.01811261784961994,0.08721211112367504,-0.06271864878409511,0.09775561140121829,-0.018897265112526956,0.13675023580148873,-0.018988566532583497,0.08867440502960379,-0.0440885149765706,0.09034611407589675
24000,0.2,1.0,0.2,0.8,-0.027307072494817168,0.09033815929857865,-0.02646373963635916,0.06330513583825072,-0.062078575459364904,0.06534531539284777,-0.021905098878048923,0.0704292184305328,-0.004534215158533639,0.06107868334437487,-0.018584007984861463,0.06159025578180957
24000,0.2,1.0,0.5,0.2,-0.03386663617841919,0.14954135915460612,-0.0157915817771565,0.06885968420902044,-0.04206333144043008,0.0652775539570505,0.045382095372874576,0.204810555221627,0.004369430461101258,0.079100370917542,-0.02033182895008949,0.07892281234023937
24000,0.2,1.0,0.5,0.5,-0.00280794013204353,0.04826014405397067,-0.01495468191251264,0.03285985797964054,-0.02110052360127218,0.03115238542509015,-0.02125059812251922,0.07519807951473431,0.007842120071126224,0.05720128924670024,-0.02089768005762893,0.058188605156085184
24000,0.2,1.0,0.5,0.8,-0.01684925401757606,0.02888663317070759,-0.02010365154182524,0.020989379355118305,-0.034824329281908456,0.022344491012456055,-0.022621611371279958,0.05427314598103885,-0.009041765163819892,0.0433128565845333,-0.011786905236764993,0.04073423311208944
24000,0.2,1.0,0.8,0.2,-0.005197368710361123,0.10820271531865894,0.0234139014623048,0.056509362216098244,-0.006354615289988164,0.055094128705730654,0.028443668606791962,0.4019424046198776,0.019480632616590797,0.09606103094424123,-0.020081374775195986,0.10179576378034098
24000,0.2,1.0,0.8,0.5,0.009876411916145644,0.03930515977255843,0.01627653047671647,0.026855048541875273,0.005768649752529666,0.027123088464274765,0.02918204875891746,0.13947205673831356,0.008124046884028109,0.0649503202228685,0.0023788762598076427,0.06783482924727947
24000,0.2,1.0,0.8,0.8,-0.008218315863049025,0.017338073175095895,0.011418955297608611,0.016933791924055645,-0.003987698483736571,0.017820866888440947,0.021693255702002145,0.08010268461603198,0.0007073543985270677,0.059498453476321475,-0.030117024594080107,0.05908508830978535
24000,1.0,0.2,0.2,0.2,-0.0718430803418511,0.45966563603840094,-0.014463137127094308,0.2715260500576176,-0.10397549702527512,0.2624960649962432,-0.00027782687254232806,0.06479142874167233,-0.020978132495819684,0.06530742075016382,-0.026990742072185447,0.05699707652987016
24000,1.0,0.2,0.2,0.5,-0.025101002905097924,0.15258136407746223,0.004981539994205019,0.07376528397177504,-0.011942507485970824,0.07383253150027586,0.0047913444764630525,0.02423108341432704,-0.003558688324039395,0.02423714603996436,-0.005521030727130913,0.023356514976203474
24000,1.0,0.2,0.2,0.8,-0.03416156904842771,0.0898400322880191,-0.010959425158298373,0.051712711056628974,-0.017595808272845716,0.05589550452149232,0.005647664002555118,0.015266686352551401,0.0028129814414402246,0.01503718208874292,-0.005382523063794368,0.01592529763553249
24000,1.0,0.2,0.5,0.2,-0.027439286016469208,0.14786327715309822,-0.020550824008026772,0.10554784474691678,-0.0800223224999766,0.10676337589102874,0.0005921987543413622,0.04442763235325568,-0.014941707848397288,0.0463502453531472,-0.030279277117329556,0.05014001264807785
24000,1.0,0.2,0.5,0.5,-0.0025447308098138495,0.048138875511461406,0.0032586000927728384,0.03838556559381836,-0.011040604581471667,0.03724999780315835,0.005519239891493686,0.016550535542400557,0.0014776935796644434,0.015989863295041318,-0.007347263514181864,0.015381591610490568
24000,1.0,0.2,0.5,0.8,-0.016524469422002502,0.029002437893501258,-0.011889324893273122,0.02287945314512324,-0.017617429508555025,0.02235917417429847,-0.011871959925325203,0.009891342518008514,-0.010228542096049245,0.009773691869501671,-0.008625310146166333,0.009254022500195148
24000,1.0,0.2,0.8,0.2,-0.0026868513493999674,0.10805614650440967,0.012931267396570082,0.08915086978615598,-0.030705053223965308,0.08033528373559859,-0.019807105683801698,0.06781929810327153,-0.008556847003177244,0.06587914200537542,-0.0344933638695645,0.07070718000472057
24000,1.0,0.2,0.8,0.5,0.013509823266622291,0.03926761606643448,-0.0005886912157730784,0.030139329711170143,0.002182101148030885,0.028474684985586154,-0.01258620932570649,0.02698424485436848,-0.00886454103833784,0.024429507476428806,-0.013815087202669857,0.024620474786921497
24000,1.0,0.2,0.8,0.8,-0.008458322894058262,0.017382674444050335,-0.00482326841403293,0.016688528674486974,-0.005917736546037652,0.017101313664084957,-0.011864516194248085,0.015799730252279775,-0.004371616126764002,0.014968045011244123,-0.007916781014179919,0.013886280914650042
24000,1.0,1.0,0.2,0.2,-0.06042983280155524,0.459785169226587,0.01369933118601166,0.15803146087521777,-0.03246203045066133,0.144177442961443,-0.00025390849392226817,0.06510020464740103,-0.000256920920972651,0.05746744021231978,-0.015976657592176837,0.054094427671931594
24000,1.0,1.0,0.2,0.5,-0.028205529008134233,0.15049193310625336,-0.001715845543471893,0.06651154880062357,-0.01777557953061893,0.05652923423269151,0.004991687164297144,0.024120664315634376,-0.01200498816015716,0.02499868576423371,-0.008360793878997737,0.023849305101915023
24000,1.0,1.0,0.2,0.8,-0.029411379218199245,0.09032729567069808,-0.009663968366684603,0.04654471556319642,-0.016894491690509043,0.04600393909558422,0.0055147154218765934,0.015286350715758276,0.0028111264825738573,0.014166650558946153,-0.0002147985483871035,0.014498658641855738
24000,1.0,1.0,0.5,0.2,-0.030263523188627336,0.14816149765035438,-0.007966788803589045,0.05878960656645853,-0.022519102507814186,0.05854361626553363,0.001221832668712392,0.044381078423514096,-0.00031428423270625185,0.03754568000260946,-0.010344315033400097,0.0371339604396996
24000,1.0,1.0,0.5,0.5,-0.0007246600849883838,0.04830553684885616,0.0010140157596984997,0.027918039057533643,-0.012434376927466625,0.02641332000329109,0.005110814668869007,0.016522504600044043,-0.00617677683669386,0.015442128563900327,-0.013294617660653818,0.015367255880014306
24000,1.0,1.0,0.5,0.8,-0.016318839066859936,0.028989308144836957,-0.007937123858143108,0.019710205123810335,-0.014352827653457169,0.020188507547378585,-0.011832940126876901,0.009891542843523874,-0.008372575136564246,0.009634738843311617,-0.016650533608721707,0.009506914312683919
24000,1.0,1.0,0.8,0.2,-0.006458343746525647,0.10819217945687687,0.016519353148203866,0.05280963160003113,-0.019064356356243515,0.04743790378376379,-0.020272567866804335,0.06775964960335255,-0.01281967536308607,0.04362351123262312,-0.024999880723519552,0.04144310346231278
24000,1.0,1.0,0.8,0.5,0.014139678681378205,0.03906147071800362,0.005968563120434782,0.022760432851921725,-0.0051069221626955045,0.0219427324181746,-0.012625211766680152,0.02700713261643919,-0.0011733114502837261,0.0216142986107981,-0.00901905367591693,0.0188201118807419
24000,1.0,1.0,0.8,0.8,-0.009033005808709613,0.017355017111553593,-0.0037353385812013053,0.01605801557971709,-0.009297600203468157,0.01556367326293622,-0.011859695206420013,0.015798716443326352,-0.002700683367983053,0.01253087539783727,-0.0040281250505305975,0.012738008756946702
